Impulz; Pulz/Sekunda; uSv/h; Pulz/Minuta; Sekunda měření; % do konce
1; 0.69; 0.2594; 41.18; 1.5; 0.002
2; 0.74; 0.2784; 44.19; 2.7; 0.005
3; 1.02; 0.385; 61.12; 2.9; 0.005
4; 1.04; 0.3946; 62.64; 3.8; 0.006
5; 0.99; 0.3724; 59.11; 5.1; 0.008
6; 1.13; 0.4254; 67.52; 5.3; 0.009
7; 1.18; 0.446; 70.79; 5.9; 0.01
8; 0.87; 0.3296; 52.31; 9.2; 0.015
9; 0.97; 0.3668; 58.22; 9.3; 0.015
10; 1.01; 0.3801; 60.33; 9.9; 0.017
11; 1.02; 0.387; 61.42; 10.7; 0.018
12; 0.98; 0.3687; 58.52; 12.3; 0.021
13; 0.91; 0.3431; 54.46; 14.3; 0.024
14; 0.89; 0.3352; 53.21; 15.8; 0.026
15; 0.93; 0.3524; 55.94; 16.1; 0.027
16; 0.98; 0.3716; 58.98; 16.3; 0.027
17; 0.95; 0.3591; 57.0; 17.9; 0.03
18; 0.99; 0.3727; 59.16; 18.3; 0.03
19; 0.92; 0.3476; 55.17; 20.7; 0.034
20; 0.95; 0.358; 56.83; 21.1; 0.035
21; 0.96; 0.363; 57.61; 21.9; 0.036
22; 0.98; 0.3718; 59.02; 22.4; 0.037
23; 0.98; 0.3711; 58.91; 23.4; 0.039
24; 0.95; 0.3606; 57.24; 25.2; 0.042
25; 0.98; 0.3688; 58.53; 25.6; 0.043
26; 1.01; 0.3815; 60.56; 25.8; 0.043
27; 1.01; 0.3809; 60.45; 26.8; 0.045
28; 1.04; 0.3936; 62.47; 26.9; 0.045
29; 1.08; 0.407; 64.6; 26.9; 0.045
30; 1.1; 0.4145; 65.8; 27.4; 0.046
31; 1.11; 0.4184; 66.42; 28.0; 0.047
32; 1.08; 0.4077; 64.71; 29.7; 0.049
33; 1.09; 0.4131; 65.57; 30.2; 0.05
34; 1.11; 0.4214; 66.89; 30.5; 0.051
35; 1.15; 0.4329; 68.71; 30.6; 0.051
36; 1.14; 0.4304; 68.31; 31.6; 0.053
37; 1.16; 0.4402; 69.87; 31.8; 0.053
38; 1.19; 0.4486; 71.21; 32.0; 0.053
39; 1.18; 0.4478; 71.08; 32.9; 0.055
40; 1.2; 0.4554; 72.28; 33.2; 0.055
41; 1.09; 0.4135; 65.64; 37.5; 0.062
42; 1.11; 0.4208; 66.79; 37.7; 0.063
43; 1.11; 0.4192; 66.54; 38.8; 0.065
44; 1.13; 0.4268; 67.75; 39.0; 0.065
45; 0.99; 0.376; 59.69; 45.2; 0.075
46; 1.02; 0.3842; 60.98; 45.3; 0.075
47; 1.03; 0.3912; 62.1; 45.4; 0.076
48; 1.0; 0.3774; 59.91; 48.1; 0.08
49; 1.02; 0.3849; 61.1; 48.1; 0.08
50; 1.04; 0.3925; 62.3; 48.2; 0.08
51; 1.05; 0.3956; 62.79; 48.7; 0.081
52; 1.07; 0.4027; 63.91; 48.8; 0.081
53; 1.07; 0.4055; 64.37; 49.4; 0.082
54; 1.07; 0.4059; 64.43; 50.3; 0.084
55; 1.05; 0.3987; 63.29; 52.1; 0.087
56; 1.07; 0.4049; 64.27; 52.3; 0.087
57; 1.07; 0.4043; 64.18; 53.3; 0.089
58; 1.08; 0.4064; 64.51; 53.9; 0.09
59; 1.09; 0.4106; 65.17; 54.3; 0.091
60; 1.08; 0.4089; 64.9; 55.5; 0.092
61; 1.09; 0.4138; 65.69; 55.7; 0.093
62; 1.09; 0.4112; 65.27; 57.0; 0.095
63; 1.08; 0.4078; 64.74; 58.4; 0.097
64; 1.09; 0.4128; 65.53; 58.6; 0.098
65; 1.11; 0.418; 66.35; 58.8; 0.098
66; 1.1; 0.4152; 65.9; 60.1; 0.1
67; 1.11; 0.4212; 66.86; 60.1; 0.1
68; 1.12; 0.4224; 67.04; 60.9; 0.101
69; 1.13; 0.4279; 67.92; 61.0; 0.102
70; 1.07; 0.4035; 64.04; 65.6; 0.109
71; 1.06; 0.4024; 63.87; 66.7; 0.111
72; 1.05; 0.3987; 63.28; 68.3; 0.114
73; 1.06; 0.4007; 63.6; 68.9; 0.115
74; 1.06; 0.4025; 63.88; 69.5; 0.116
75; 1.08; 0.4075; 64.68; 69.6; 0.116
76; 1.09; 0.4125; 65.47; 69.7; 0.116
77; 1.09; 0.4128; 65.52; 70.5; 0.118
78; 1.08; 0.4064; 64.51; 72.5; 0.121
79; 1.07; 0.405; 64.28; 73.7; 0.123
80; 1.06; 0.4021; 63.82; 75.2; 0.125
81; 1.07; 0.4051; 64.3; 75.6; 0.126
82; 1.03; 0.389; 61.74; 79.7; 0.133
83; 1.04; 0.3937; 62.49; 79.7; 0.133
84; 1.04; 0.3919; 62.2; 81.0; 0.135
85; 1.04; 0.3948; 62.67; 81.4; 0.136
86; 1.01; 0.3801; 60.33; 85.5; 0.143
87; 1.01; 0.3833; 60.84; 85.8; 0.143
88; 1.02; 0.3859; 61.25; 86.2; 0.144
89; 1.02; 0.3865; 61.35; 87.0; 0.145
90; 1.03; 0.3899; 61.89; 87.2; 0.145
91; 1.04; 0.393; 62.38; 87.5; 0.146
92; 1.04; 0.3919; 62.21; 88.7; 0.148
93; 1.04; 0.3944; 62.61; 89.1; 0.149
94; 1.02; 0.3874; 61.49; 91.7; 0.153
95; 1.03; 0.3891; 61.77; 92.3; 0.154
96; 1.04; 0.3923; 62.28; 92.5; 0.154
97; 1.05; 0.3961; 62.87; 92.6; 0.154
98; 1.03; 0.3887; 61.7; 95.3; 0.159
99; 1.04; 0.3919; 62.21; 95.5; 0.159
100; 1.04; 0.3923; 62.28; 96.3; 0.161
101; 1.04; 0.3943; 62.59; 96.8; 0.161
102; 1.05; 0.3957; 62.82; 97.4; 0.162
103; 1.04; 0.3942; 62.58; 98.8; 0.165
104; 1.04; 0.3916; 62.16; 100.4; 0.167
105; 1.04; 0.3927; 62.33; 101.1; 0.168
106; 1.05; 0.396; 62.85; 101.2; 0.169
107; 1.05; 0.3983; 63.22; 101.6; 0.169
108; 1.06; 0.4014; 63.72; 101.7; 0.169
109; 1.07; 0.4041; 64.15; 102.0; 0.17
110; 1.06; 0.4009; 63.63; 103.7; 0.173
111; 1.05; 0.3979; 63.15; 105.5; 0.176
112; 1.06; 0.4009; 63.63; 105.6; 0.176
113; 1.07; 0.4045; 64.2; 105.6; 0.176
114; 1.07; 0.4032; 63.99; 106.9; 0.178
115; 1.05; 0.3972; 63.05; 109.4; 0.182
116; 1.06; 0.4006; 63.58; 109.5; 0.182
117; 1.07; 0.4034; 64.03; 109.6; 0.183
118; 1.07; 0.4063; 64.5; 109.8; 0.183
119; 1.07; 0.4046; 64.22; 111.2; 0.185
120; 1.08; 0.4077; 64.71; 111.3; 0.185
121; 1.09; 0.4108; 65.21; 111.3; 0.186
122; 1.09; 0.4137; 65.67; 111.5; 0.186
123; 1.09; 0.4138; 65.68; 112.4; 0.187
124; 1.1; 0.4141; 65.73; 113.2; 0.189
125; 1.1; 0.4167; 66.14; 113.4; 0.189
126; 1.11; 0.4199; 66.65; 113.4; 0.189
127; 1.08; 0.4075; 64.69; 117.8; 0.196
128; 1.06; 0.3988; 63.31; 121.3; 0.202
129; 1.06; 0.4011; 63.67; 121.6; 0.203
130; 1.06; 0.3991; 63.35; 123.1; 0.205
131; 1.06; 0.402; 63.81; 123.2; 0.205
132; 1.07; 0.4045; 64.21; 123.3; 0.206
133; 1.07; 0.4048; 64.25; 124.2; 0.207
134; 1.07; 0.4059; 64.43; 124.8; 0.208
135; 1.07; 0.4059; 64.43; 125.7; 0.21
136; 1.08; 0.408; 64.75; 126.0; 0.21
137; 1.09; 0.4108; 65.2; 126.1; 0.21
138; 1.08; 0.4097; 65.03; 127.3; 0.212
139; 1.09; 0.4106; 65.18; 128.0; 0.213
140; 1.09; 0.4118; 65.37; 128.5; 0.214
141; 1.09; 0.4126; 65.48; 129.2; 0.215
142; 1.1; 0.415; 65.87; 129.3; 0.216
143; 1.09; 0.4104; 65.15; 131.7; 0.22
144; 1.09; 0.4118; 65.36; 132.2; 0.22
145; 1.09; 0.4108; 65.2; 133.4; 0.222
146; 1.09; 0.4108; 65.2; 134.4; 0.224
147; 1.09; 0.4115; 65.32; 135.0; 0.225
148; 1.08; 0.4094; 64.98; 136.7; 0.228
149; 1.09; 0.4119; 65.39; 136.7; 0.228
150; 1.1; 0.4147; 65.82; 136.7; 0.228
151; 1.1; 0.4159; 66.01; 137.3; 0.229
152; 1.1; 0.4172; 66.22; 137.7; 0.23
153; 1.1; 0.4162; 66.06; 139.0; 0.232
154; 1.09; 0.4127; 65.51; 141.1; 0.235
155; 1.09; 0.4126; 65.49; 142.0; 0.237
156; 1.09; 0.4114; 65.31; 143.3; 0.239
157; 1.09; 0.4134; 65.62; 143.6; 0.239
158; 1.1; 0.4151; 65.89; 143.9; 0.24
159; 1.08; 0.4087; 64.88; 147.0; 0.245
160; 1.09; 0.4107; 65.19; 147.3; 0.245
161; 1.09; 0.4121; 65.42; 147.7; 0.246
162; 1.09; 0.4134; 65.62; 148.1; 0.247
163; 1.09; 0.4118; 65.36; 149.6; 0.249
164; 1.09; 0.4127; 65.5; 150.2; 0.25
165; 1.1; 0.414; 65.72; 150.6; 0.251
166; 1.1; 0.416; 66.03; 150.8; 0.251
167; 1.11; 0.4184; 66.41; 150.9; 0.251
168; 1.11; 0.4182; 66.38; 151.9; 0.253
169; 1.11; 0.4196; 66.6; 152.3; 0.254
170; 1.11; 0.421; 66.82; 152.6; 0.254
171; 1.12; 0.4234; 67.21; 152.7; 0.254
172; 1.12; 0.4245; 67.38; 153.2; 0.255
173; 1.13; 0.4267; 67.73; 153.3; 0.255
174; 1.13; 0.4261; 67.64; 154.4; 0.257
175; 1.13; 0.4284; 68.01; 154.4; 0.257
176; 1.09; 0.4137; 65.66; 160.8; 0.268
177; 1.09; 0.4134; 65.62; 161.8; 0.27
178; 1.06; 0.4017; 63.76; 167.5; 0.279
179; 1.07; 0.4028; 63.94; 168.0; 0.28
180; 1.07; 0.405; 64.29; 168.0; 0.28
181; 1.07; 0.403; 63.97; 169.8; 0.283
182; 1.06; 0.4009; 63.64; 171.6; 0.286
183; 1.06; 0.4021; 63.82; 172.0; 0.287
184; 1.07; 0.4027; 63.92; 172.7; 0.288
185; 1.07; 0.4037; 64.08; 173.2; 0.289
186; 1.07; 0.4056; 64.39; 173.3; 0.289
187; 1.08; 0.4075; 64.68; 173.5; 0.289
188; 1.08; 0.4087; 64.87; 173.9; 0.29
189; 1.08; 0.41; 65.08; 174.2; 0.29
190; 1.08; 0.4081; 64.77; 176.0; 0.293
191; 1.08; 0.4098; 65.05; 176.2; 0.294
192; 1.08; 0.4083; 64.81; 177.7; 0.296
193; 1.08; 0.4082; 64.79; 178.7; 0.298
194; 1.08; 0.4092; 64.95; 179.2; 0.299
195; 1.08; 0.4081; 64.78; 180.6; 0.301
196; 1.08; 0.4084; 64.82; 181.4; 0.302
197; 1.08; 0.4072; 64.64; 182.9; 0.305
198; 1.08; 0.4076; 64.7; 183.6; 0.306
199; 1.08; 0.4067; 64.56; 185.0; 0.308
200; 1.08; 0.4069; 64.6; 185.8; 0.31
201; 1.08; 0.4064; 64.5; 187.0; 0.312
202; 1.08; 0.4078; 64.72; 187.3; 0.312
203; 1.08; 0.409; 64.92; 187.6; 0.313
204; 1.09; 0.4109; 65.23; 187.7; 0.313
205; 1.09; 0.412; 65.39; 188.1; 0.314
206; 1.09; 0.4132; 65.59; 188.5; 0.314
207; 1.1; 0.4143; 65.76; 188.9; 0.315
208; 1.09; 0.4131; 65.58; 190.3; 0.317
209; 1.1; 0.4139; 65.7; 190.9; 0.318
210; 1.09; 0.4135; 65.63; 192.0; 0.32
211; 1.09; 0.4117; 65.35; 193.7; 0.323
212; 1.08; 0.4095; 65.0; 195.7; 0.326
213; 1.09; 0.4107; 65.19; 196.0; 0.327
214; 1.08; 0.4065; 64.53; 199.0; 0.332
215; 1.08; 0.408; 64.76; 199.2; 0.332
216; 1.08; 0.409; 64.91; 199.6; 0.333
217; 1.09; 0.4106; 65.17; 199.8; 0.333
218; 1.08; 0.4096; 65.01; 201.2; 0.335
219; 1.09; 0.4107; 65.2; 201.5; 0.336
220; 1.08; 0.4099; 65.07; 202.9; 0.338
221; 1.09; 0.4113; 65.29; 203.1; 0.339
222; 1.09; 0.4119; 65.38; 203.7; 0.34
223; 1.08; 0.409; 64.92; 206.1; 0.344
224; 1.09; 0.4105; 65.16; 206.3; 0.344
225; 1.08; 0.4075; 64.69; 208.7; 0.348
226; 1.08; 0.4084; 64.83; 209.2; 0.349
227; 1.08; 0.4069; 64.58; 210.9; 0.351
228; 1.08; 0.4071; 64.62; 211.7; 0.353
229; 1.08; 0.4081; 64.77; 212.1; 0.354
230; 1.08; 0.4068; 64.58; 213.7; 0.356
231; 1.08; 0.4083; 64.8; 213.9; 0.356
232; 1.08; 0.4082; 64.79; 214.8; 0.358
233; 1.07; 0.4036; 64.06; 218.2; 0.364
234; 1.07; 0.4049; 64.26; 218.5; 0.364
235; 1.07; 0.406; 64.44; 218.8; 0.365
236; 1.07; 0.4029; 63.95; 221.4; 0.369
237; 1.07; 0.4038; 64.1; 221.8; 0.37
238; 1.07; 0.4049; 64.28; 222.2; 0.37
239; 1.07; 0.4062; 64.47; 222.4; 0.371
240; 1.08; 0.407; 64.6; 222.9; 0.372
241; 1.08; 0.4072; 64.63; 223.7; 0.373
242; 1.08; 0.4077; 64.72; 224.4; 0.374
243; 1.08; 0.4091; 64.93; 224.5; 0.374
244; 1.08; 0.4095; 65.0; 225.2; 0.375
245; 1.08; 0.4065; 64.52; 227.8; 0.38
246; 1.08; 0.4069; 64.59; 228.5; 0.381
247; 1.08; 0.4079; 64.75; 228.9; 0.381
248; 1.08; 0.4081; 64.78; 229.7; 0.383
249; 1.08; 0.4094; 64.99; 229.9; 0.383
250; 1.09; 0.4101; 65.1; 230.4; 0.384
251; 1.09; 0.4112; 65.27; 230.7; 0.385
252; 1.09; 0.4124; 65.47; 231.0; 0.385
253; 1.09; 0.4135; 65.63; 231.3; 0.385
254; 1.1; 0.4144; 65.77; 231.7; 0.386
255; 1.1; 0.4153; 65.92; 232.1; 0.387
256; 1.08; 0.4099; 65.06; 236.1; 0.394
257; 1.09; 0.4111; 65.25; 236.3; 0.394
258; 1.09; 0.4118; 65.37; 236.8; 0.395
259; 1.09; 0.411; 65.24; 238.2; 0.397
260; 1.08; 0.4075; 64.68; 241.2; 0.402
261; 1.08; 0.4074; 64.67; 242.2; 0.404
262; 1.07; 0.406; 64.44; 244.0; 0.407
263; 1.07; 0.4047; 64.25; 245.6; 0.409
264; 1.07; 0.404; 64.13; 247.0; 0.412
265; 1.05; 0.397; 63.02; 252.3; 0.421
266; 1.05; 0.3967; 62.96; 253.5; 0.422
267; 1.05; 0.3976; 63.12; 253.8; 0.423
268; 1.06; 0.3991; 63.35; 253.8; 0.423
269; 1.05; 0.3988; 63.3; 255.0; 0.425
270; 1.05; 0.3985; 63.25; 256.1; 0.427
271; 1.04; 0.3942; 62.57; 259.9; 0.433
272; 1.04; 0.3935; 62.47; 261.3; 0.435
273; 1.03; 0.3904; 61.98; 264.3; 0.44
274; 1.03; 0.3886; 61.67; 266.6; 0.444
275; 1.03; 0.3889; 61.72; 267.3; 0.446
276; 1.01; 0.3808; 60.44; 274.0; 0.457
277; 1.0; 0.3788; 60.13; 276.4; 0.461
278; 1.0; 0.3782; 60.03; 277.9; 0.463
279; 1.0; 0.3794; 60.21; 278.0; 0.463
280; 1.01; 0.3804; 60.38; 278.3; 0.464
281; 1.01; 0.381; 60.47; 278.8; 0.465
282; 1.01; 0.382; 60.63; 279.1; 0.465
283; 1.01; 0.3831; 60.81; 279.2; 0.465
284; 1.01; 0.383; 60.8; 280.3; 0.467
285; 1.02; 0.3843; 61.0; 280.3; 0.467
286; 1.02; 0.3856; 61.21; 280.3; 0.467
287; 1.02; 0.3865; 61.35; 280.7; 0.468
288; 1.03; 0.3875; 61.5; 281.0; 0.468
289; 1.03; 0.3883; 61.64; 281.3; 0.469
290; 1.03; 0.3891; 61.77; 281.7; 0.469
291; 1.03; 0.3899; 61.89; 282.1; 0.47
292; 1.03; 0.3895; 61.82; 283.4; 0.472
293; 1.03; 0.3888; 61.71; 284.9; 0.475
294; 1.03; 0.3891; 61.77; 285.6; 0.476
295; 1.03; 0.3904; 61.97; 285.6; 0.476
296; 1.04; 0.3916; 62.16; 285.7; 0.476
297; 1.04; 0.3924; 62.29; 286.1; 0.477
298; 1.04; 0.3937; 62.48; 286.2; 0.477
299; 1.04; 0.3927; 62.33; 287.8; 0.48
300; 1.04; 0.3936; 62.48; 288.1; 0.48
301; 1.04; 0.3947; 62.66; 288.2; 0.48
302; 1.04; 0.3948; 62.67; 289.1; 0.482
303; 1.04; 0.3938; 62.51; 290.8; 0.485
304; 1.04; 0.3941; 62.56; 291.6; 0.486
305; 1.05; 0.3953; 62.74; 291.7; 0.486
306; 1.05; 0.3955; 62.78; 292.4; 0.487
307; 1.05; 0.3966; 62.95; 292.6; 0.488
308; 1.05; 0.3963; 62.9; 293.8; 0.49
309; 1.04; 0.3946; 62.64; 296.0; 0.493
310; 1.05; 0.3951; 62.72; 296.6; 0.494
311; 1.05; 0.3958; 62.82; 297.0; 0.495
312; 1.05; 0.396; 62.86; 297.8; 0.496
313; 1.05; 0.3962; 62.88; 298.7; 0.498
314; 1.04; 0.3938; 62.52; 301.4; 0.502
315; 1.04; 0.3949; 62.68; 301.5; 0.503
316; 1.05; 0.395; 62.7; 302.4; 0.504
317; 1.04; 0.3916; 62.16; 306.0; 0.51
318; 1.04; 0.3916; 62.16; 307.0; 0.512
319; 1.04; 0.3925; 62.3; 307.2; 0.512
320; 1.04; 0.3924; 62.28; 308.3; 0.514
321; 1.04; 0.3914; 62.13; 310.0; 0.517
322; 1.02; 0.387; 61.42; 314.5; 0.524
323; 1.02; 0.3867; 61.39; 315.7; 0.526
324; 1.02; 0.3865; 61.35; 316.9; 0.528
325; 1.02; 0.3861; 61.29; 318.2; 0.53
326; 1.02; 0.3871; 61.44; 318.4; 0.531
327; 1.02; 0.3874; 61.49; 319.1; 0.532
328; 1.03; 0.3879; 61.58; 319.6; 0.533
329; 1.03; 0.3882; 61.62; 320.4; 0.534
330; 1.03; 0.3887; 61.7; 320.9; 0.535
331; 1.03; 0.3899; 61.88; 320.9; 0.535
332; 1.03; 0.3892; 61.78; 322.4; 0.537
333; 1.03; 0.39; 61.91; 322.7; 0.538
334; 1.03; 0.391; 62.07; 322.9; 0.538
335; 1.04; 0.392; 62.23; 323.0; 0.538
336; 1.03; 0.3904; 61.97; 325.3; 0.542
337; 1.02; 0.3874; 61.49; 328.8; 0.548
338; 1.03; 0.3884; 61.65; 329.0; 0.548
339; 1.03; 0.3886; 61.68; 329.7; 0.55
340; 1.02; 0.3854; 61.17; 333.5; 0.556
341; 1.02; 0.3843; 60.99; 335.4; 0.559
342; 1.02; 0.3837; 60.9; 336.9; 0.562
343; 1.02; 0.3847; 61.07; 337.0; 0.562
344; 1.02; 0.385; 61.12; 337.7; 0.563
345; 1.01; 0.3827; 60.75; 340.7; 0.568
346; 1.01; 0.3833; 60.84; 341.2; 0.569
347; 1.02; 0.3837; 60.91; 341.8; 0.57
348; 1.01; 0.3832; 60.82; 343.3; 0.572
349; 1.02; 0.3841; 60.97; 343.4; 0.572
350; 1.02; 0.3851; 61.13; 343.5; 0.573
351; 1.01; 0.3819; 60.61; 347.4; 0.579
352; 1.01; 0.3814; 60.54; 348.9; 0.581
353; 1.0; 0.3798; 60.29; 351.3; 0.585
354; 1.0; 0.3787; 60.11; 353.3; 0.589
355; 1.0; 0.3778; 59.97; 355.2; 0.592
356; 1.0; 0.3787; 60.12; 355.3; 0.592
357; 1.0; 0.3786; 60.09; 356.4; 0.594
358; 1.0; 0.3778; 59.96; 358.2; 0.597
359; 1.0; 0.3784; 60.06; 358.6; 0.598
360; 1.0; 0.3792; 60.19; 358.9; 0.598
361; 1.01; 0.38; 60.31; 359.1; 0.599
362; 1.0; 0.3798; 60.29; 360.3; 0.6
363; 1.0; 0.3798; 60.28; 361.3; 0.602
364; 1.01; 0.3805; 60.4; 361.6; 0.603
365; 1.01; 0.3813; 60.52; 361.8; 0.603
366; 1.01; 0.3809; 60.46; 363.2; 0.605
367; 1.01; 0.3815; 60.56; 363.6; 0.606
368; 1.01; 0.3817; 60.59; 364.4; 0.607
369; 1.01; 0.3822; 60.67; 365.0; 0.608
370; 1.01; 0.3826; 60.73; 365.6; 0.609
371; 1.01; 0.3825; 60.71; 366.6; 0.611
372; 1.01; 0.381; 60.48; 369.0; 0.615
373; 1.01; 0.3801; 60.34; 370.9; 0.618
374; 1.01; 0.3808; 60.44; 371.3; 0.619
375; 1.01; 0.381; 60.48; 372.1; 0.62
376; 1.01; 0.3818; 60.61; 372.2; 0.62
377; 1.01; 0.3824; 60.71; 372.6; 0.621
378; 1.01; 0.3829; 60.78; 373.2; 0.622
379; 1.01; 0.3834; 60.86; 373.6; 0.623
380; 1.01; 0.383; 60.79; 375.0; 0.625
381; 1.01; 0.3827; 60.74; 376.4; 0.627
382; 1.01; 0.3834; 60.85; 376.7; 0.628
383; 1.01; 0.3834; 60.86; 377.6; 0.629
384; 1.01; 0.3835; 60.87; 378.5; 0.631
385; 1.02; 0.384; 60.96; 378.9; 0.632
386; 1.02; 0.3847; 61.06; 379.3; 0.632
387; 1.02; 0.3852; 61.15; 379.7; 0.633
388; 1.02; 0.3851; 61.12; 380.9; 0.635
389; 1.02; 0.3857; 61.23; 381.2; 0.635
390; 1.02; 0.386; 61.27; 381.9; 0.637
391; 1.02; 0.3846; 61.05; 384.3; 0.641
392; 1.02; 0.3848; 61.08; 385.1; 0.642
393; 1.02; 0.3839; 60.94; 386.9; 0.645
394; 1.02; 0.3839; 60.93; 388.0; 0.647
395; 1.02; 0.3838; 60.93; 389.0; 0.648
396; 1.02; 0.3847; 61.06; 389.1; 0.649
397; 1.02; 0.3855; 61.19; 389.3; 0.649
398; 1.02; 0.3857; 61.22; 390.1; 0.65
399; 1.02; 0.384; 60.96; 392.7; 0.655
400; 1.01; 0.3821; 60.65; 395.7; 0.66
401; 1.01; 0.3812; 60.51; 397.7; 0.663
402; 1.01; 0.3813; 60.52; 398.5; 0.664
403; 1.01; 0.3822; 60.67; 398.6; 0.664
404; 1.01; 0.383; 60.79; 398.8; 0.665
405; 1.01; 0.3828; 60.76; 399.9; 0.667
406; 1.01; 0.3832; 60.82; 400.5; 0.668
407; 1.01; 0.3835; 60.87; 401.2; 0.669
408; 1.01; 0.3836; 60.89; 402.0; 0.67
409; 1.01; 0.3806; 60.41; 406.2; 0.677
410; 1.01; 0.3815; 60.55; 406.3; 0.677
411; 1.0; 0.379; 60.16; 409.9; 0.683
412; 1.0; 0.3796; 60.25; 410.3; 0.684
413; 1.01; 0.3801; 60.33; 410.7; 0.685
414; 1.0; 0.3794; 60.21; 412.5; 0.688
415; 1.01; 0.38; 60.32; 412.8; 0.688
416; 1.01; 0.3804; 60.38; 413.4; 0.689
417; 1.0; 0.3798; 60.28; 415.1; 0.692
418; 1.01; 0.3799; 60.31; 415.9; 0.693
419; 1.01; 0.3803; 60.36; 416.5; 0.694
420; 1.01; 0.3805; 60.4; 417.2; 0.695
421; 1.01; 0.3806; 60.42; 418.1; 0.697
422; 1.0; 0.3788; 60.13; 421.1; 0.702
423; 1.0; 0.3793; 60.21; 421.5; 0.703
424; 1.01; 0.3802; 60.35; 421.6; 0.703
425; 1.01; 0.3811; 60.49; 421.6; 0.703
426; 1.01; 0.3813; 60.52; 422.3; 0.704
427; 1.01; 0.3821; 60.65; 422.4; 0.704
428; 1.01; 0.3829; 60.79; 422.5; 0.704
429; 1.01; 0.3825; 60.71; 424.0; 0.707
430; 1.01; 0.3819; 60.63; 425.6; 0.709
431; 1.01; 0.3808; 60.44; 427.9; 0.713
432; 1.01; 0.381; 60.47; 428.6; 0.714
433; 1.01; 0.3816; 60.57; 428.9; 0.715
434; 1.01; 0.3806; 60.42; 431.0; 0.718
435; 1.01; 0.3812; 60.51; 431.3; 0.719
436; 1.01; 0.3804; 60.38; 433.2; 0.722
437; 1.01; 0.3812; 60.5; 433.4; 0.722
438; 1.01; 0.3812; 60.51; 434.3; 0.724
439; 1.01; 0.382; 60.64; 434.4; 0.724
440; 1.01; 0.3823; 60.68; 435.1; 0.725
441; 1.01; 0.3817; 60.6; 436.7; 0.728
442; 1.01; 0.3825; 60.71; 436.9; 0.728
443; 1.01; 0.3831; 60.81; 437.1; 0.729
444; 1.01; 0.3826; 60.73; 438.7; 0.731
445; 1.01; 0.3821; 60.65; 440.3; 0.734
446; 1.01; 0.3825; 60.72; 440.7; 0.735
447; 1.01; 0.3829; 60.78; 441.3; 0.735
448; 1.01; 0.3836; 60.89; 441.5; 0.736
449; 1.02; 0.384; 60.96; 441.9; 0.737
450; 1.02; 0.3842; 60.99; 442.7; 0.738
451; 1.02; 0.385; 61.11; 442.8; 0.738
452; 1.02; 0.3846; 61.05; 444.2; 0.74
453; 1.01; 0.3829; 60.78; 447.2; 0.745
454; 1.01; 0.3837; 60.9; 447.3; 0.745
455; 1.02; 0.3845; 61.03; 447.3; 0.746
456; 1.02; 0.385; 61.11; 447.7; 0.746
457; 1.02; 0.3855; 61.19; 448.1; 0.747
458; 1.02; 0.3855; 61.19; 449.1; 0.749
459; 1.02; 0.3861; 61.28; 449.4; 0.749
460; 1.02; 0.3866; 61.37; 449.8; 0.75
461; 1.02; 0.386; 61.28; 451.4; 0.752
462; 1.02; 0.3865; 61.36; 451.8; 0.753
463; 1.02; 0.3866; 61.37; 452.7; 0.754
464; 1.02; 0.3869; 61.42; 453.3; 0.755
465; 1.02; 0.3872; 61.46; 453.9; 0.757
466; 1.02; 0.3858; 61.23; 456.6; 0.761
467; 1.02; 0.3863; 61.32; 456.9; 0.762
468; 1.02; 0.3865; 61.35; 457.7; 0.763
469; 1.02; 0.3872; 61.46; 457.8; 0.763
470; 1.03; 0.3878; 61.55; 458.1; 0.764
471; 1.03; 0.3876; 61.52; 459.3; 0.766
472; 1.02; 0.3868; 61.39; 461.3; 0.769
473; 1.02; 0.3868; 61.39; 462.3; 0.77
474; 1.03; 0.3875; 61.5; 462.4; 0.771
475; 1.03; 0.3875; 61.51; 463.4; 0.772
476; 1.03; 0.3877; 61.54; 464.1; 0.774
477; 1.02; 0.3873; 61.48; 465.5; 0.776
478; 1.03; 0.3879; 61.57; 465.8; 0.776
479; 1.03; 0.3885; 61.67; 466.0; 0.777
480; 1.02; 0.3868; 61.4; 469.1; 0.782
481; 1.02; 0.3858; 61.24; 471.3; 0.785
482; 1.02; 0.3845; 61.04; 473.8; 0.79
483; 1.02; 0.3843; 60.99; 475.1; 0.792
484; 1.02; 0.3849; 61.1; 475.3; 0.792
485; 1.02; 0.3852; 61.14; 475.9; 0.793
486; 1.02; 0.3859; 61.26; 476.0; 0.793
487; 1.02; 0.3851; 61.13; 478.0; 0.797
488; 1.02; 0.3857; 61.22; 478.3; 0.797
489; 1.02; 0.3851; 61.13; 480.0; 0.8
490; 1.01; 0.3827; 60.75; 484.0; 0.807
491; 1.01; 0.3831; 60.81; 484.5; 0.807
492; 1.02; 0.3837; 60.91; 484.6; 0.808
493; 1.02; 0.384; 60.96; 485.2; 0.809
494; 1.02; 0.3837; 60.9; 486.7; 0.811
495; 1.02; 0.384; 60.96; 487.2; 0.812
496; 1.02; 0.3843; 61.01; 487.8; 0.813
497; 1.01; 0.3832; 60.82; 490.3; 0.817
498; 1.01; 0.3825; 60.71; 492.2; 0.82
499; 1.01; 0.3829; 60.77; 492.6; 0.821
500; 1.01; 0.3835; 60.87; 492.9; 0.821
501; 1.01; 0.3836; 60.89; 493.7; 0.823
502; 1.02; 0.3837; 60.91; 494.5; 0.824
503; 1.02; 0.3837; 60.91; 495.5; 0.826
504; 1.02; 0.3841; 60.97; 496.0; 0.827
505; 1.02; 0.3847; 61.07; 496.1; 0.827
506; 1.02; 0.3853; 61.17; 496.4; 0.827
507; 1.02; 0.386; 61.27; 496.5; 0.827
508; 1.02; 0.3863; 61.31; 497.1; 0.829
509; 1.02; 0.3865; 61.35; 497.8; 0.83
510; 1.02; 0.3871; 61.44; 498.1; 0.83
511; 1.03; 0.3877; 61.54; 498.2; 0.83
512; 1.03; 0.3879; 61.57; 498.9; 0.832
513; 1.03; 0.3883; 61.63; 499.4; 0.832
514; 1.03; 0.388; 61.59; 500.7; 0.835
515; 1.03; 0.3882; 61.62; 501.5; 0.836
516; 1.02; 0.3873; 61.47; 503.6; 0.839
517; 1.03; 0.3878; 61.56; 503.9; 0.84
518; 1.03; 0.3885; 61.67; 504.0; 0.84
519; 1.03; 0.3891; 61.75; 504.3; 0.84
520; 1.03; 0.3883; 61.64; 506.2; 0.844
521; 1.03; 0.389; 61.74; 506.3; 0.844
522; 1.03; 0.3896; 61.85; 506.4; 0.844
523; 1.03; 0.3901; 61.92; 506.8; 0.845
524; 1.03; 0.3908; 62.03; 506.9; 0.845
525; 1.04; 0.3913; 62.12; 507.1; 0.845
526; 1.04; 0.3914; 62.13; 507.9; 0.847
527; 1.04; 0.3917; 62.17; 508.6; 0.848
528; 1.03; 0.3876; 61.52; 514.9; 0.858
529; 1.03; 0.3881; 61.6; 515.3; 0.859
530; 1.03; 0.3875; 61.5; 517.0; 0.862
531; 1.03; 0.3875; 61.5; 518.0; 0.863
532; 1.02; 0.387; 61.43; 519.6; 0.866
533; 1.03; 0.3876; 61.52; 519.8; 0.866
534; 1.03; 0.3883; 61.64; 519.8; 0.866
535; 1.03; 0.3889; 61.73; 520.0; 0.867
536; 1.03; 0.3892; 61.77; 520.6; 0.868
537; 1.03; 0.3898; 61.87; 520.7; 0.868
538; 1.03; 0.3885; 61.67; 523.4; 0.872
539; 1.03; 0.389; 61.75; 523.7; 0.873
540; 1.03; 0.3896; 61.85; 523.9; 0.873
541; 1.03; 0.39; 61.9; 524.4; 0.874
542; 1.03; 0.3903; 61.94; 525.0; 0.875
543; 1.03; 0.3898; 61.88; 526.5; 0.878
544; 1.03; 0.3899; 61.89; 527.4; 0.879
545; 1.03; 0.3897; 61.86; 528.6; 0.881
546; 1.02; 0.3872; 61.46; 533.1; 0.888
547; 1.03; 0.3876; 61.53; 533.4; 0.889
548; 1.03; 0.388; 61.58; 533.9; 0.89
549; 1.02; 0.3868; 61.4; 536.5; 0.894
550; 1.03; 0.3875; 61.5; 536.6; 0.894
551; 1.03; 0.3875; 61.5; 537.6; 0.896
552; 1.03; 0.3879; 61.57; 537.9; 0.897
553; 1.03; 0.3875; 61.5; 539.5; 0.899
554; 1.03; 0.3882; 61.61; 539.5; 0.899
555; 1.03; 0.3887; 61.7; 539.7; 0.9
556; 1.03; 0.389; 61.74; 540.3; 0.9
557; 1.03; 0.3896; 61.83; 540.5; 0.901
558; 1.03; 0.3901; 61.93; 540.6; 0.901
559; 1.03; 0.3906; 62.0; 540.9; 0.902
560; 1.03; 0.3911; 62.08; 541.3; 0.902
561; 1.03; 0.3906; 62.01; 542.8; 0.905
562; 1.03; 0.3903; 61.96; 544.2; 0.907
563; 1.03; 0.3908; 62.04; 544.5; 0.908
564; 1.04; 0.3915; 62.14; 544.6; 0.908
565; 1.04; 0.3921; 62.24; 544.6; 0.908
566; 1.04; 0.3922; 62.26; 545.5; 0.909
567; 1.04; 0.3923; 62.26; 546.4; 0.911
568; 1.04; 0.3926; 62.33; 546.8; 0.911
569; 1.04; 0.3931; 62.39; 547.2; 0.912
570; 1.04; 0.393; 62.38; 548.2; 0.914
571; 1.04; 0.3933; 62.42; 548.8; 0.915
572; 1.04; 0.3929; 62.36; 550.4; 0.917
573; 1.04; 0.3934; 62.44; 550.6; 0.918
574; 1.04; 0.3941; 62.55; 550.6; 0.918
575; 1.04; 0.394; 62.54; 551.7; 0.919
576; 1.04; 0.3935; 62.46; 553.3; 0.922
577; 1.04; 0.3941; 62.55; 553.4; 0.922
578; 1.04; 0.3942; 62.57; 554.3; 0.924
579; 1.04; 0.3948; 62.67; 554.3; 0.924
580; 1.04; 0.3944; 62.61; 555.9; 0.926
581; 1.04; 0.3945; 62.61; 556.8; 0.928
582; 1.04; 0.395; 62.7; 557.0; 0.928
583; 1.05; 0.3954; 62.76; 557.4; 0.929
584; 1.05; 0.3955; 62.78; 558.1; 0.93
585; 1.04; 0.3948; 62.66; 560.2; 0.934
586; 1.04; 0.3948; 62.66; 561.1; 0.935
587; 1.04; 0.3938; 62.51; 563.5; 0.939
588; 1.04; 0.3939; 62.53; 564.2; 0.94
589; 1.04; 0.3938; 62.51; 565.4; 0.942
590; 1.04; 0.3944; 62.61; 565.4; 0.942
591; 1.04; 0.3942; 62.58; 566.7; 0.944
592; 1.04; 0.3939; 62.53; 568.1; 0.947
593; 1.04; 0.3935; 62.46; 569.7; 0.949
594; 1.04; 0.3939; 62.52; 570.1; 0.95
595; 1.04; 0.3944; 62.6; 570.3; 0.95
596; 1.04; 0.3949; 62.68; 570.5; 0.951
597; 1.04; 0.3941; 62.55; 572.6; 0.954
598; 1.04; 0.3947; 62.65; 572.7; 0.955
599; 1.05; 0.3951; 62.71; 573.1; 0.955
600; 1.05; 0.3955; 62.78; 573.5; 0.956
601; 1.05; 0.3959; 62.84; 573.8; 0.956
602; 1.05; 0.3958; 62.83; 574.9; 0.958
603; 1.05; 0.3956; 62.79; 576.2; 0.96
604; 1.05; 0.395; 62.71; 577.9; 0.963
605; 1.05; 0.3955; 62.77; 578.3; 0.964
606; 1.05; 0.3959; 62.85; 578.5; 0.964
607; 1.05; 0.3963; 62.91; 579.0; 0.965
608; 1.05; 0.3968; 62.99; 579.2; 0.965
609; 1.05; 0.3972; 63.04; 579.6; 0.966
610; 1.05; 0.3965; 62.93; 581.6; 0.969
611; 1.05; 0.3969; 63.01; 581.8; 0.97
612; 1.05; 0.3967; 62.97; 583.1; 0.972
613; 1.05; 0.3959; 62.83; 585.3; 0.976
614; 1.05; 0.3955; 62.78; 586.8; 0.978
615; 1.05; 0.3952; 62.73; 588.2; 0.98
616; 1.05; 0.3957; 62.81; 588.4; 0.981
617; 1.04; 0.3949; 62.68; 590.6; 0.984
618; 1.05; 0.3954; 62.77; 590.8; 0.985
619; 1.05; 0.3959; 62.84; 591.0; 0.985
620; 1.05; 0.3958; 62.83; 592.0; 0.987
621; 1.05; 0.3958; 62.82; 593.1; 0.989
622; 1.05; 0.3962; 62.88; 593.5; 0.989
623; 1.05; 0.3961; 62.88; 594.5; 0.991
624; 1.05; 0.3966; 62.95; 594.8; 0.991
625; 1.05; 0.397; 63.01; 595.1; 0.992
626; 1.05; 0.3972; 63.05; 595.7; 0.993
627; 1.05; 0.396; 62.86; 598.5; 0.997
628; 1.05; 0.3964; 62.92; 598.8; 0.998
629; 1.05; 0.3968; 62.99; 599.2; 0.999
